{
    "args": {
        "bandwidth": 16000,
        "batch_size": 16,
        "checkpoint": null,
        "dataset": "musdb",
        "debug": false,
        "epochs": 1000,
        "hidden_size": 512,
        "lr": 0.01,
        "lr_decay_gamma": 0.3,
        "lr_decay_patience": 80,
        "model": null,
        "nb_channels": 1,
        "nb_workers": 0,
        "nfft": 4096,
        "nhop": 1024,
        "no_cuda": false,
        "output": "open-unmix",
        "patience": 140,
        "quiet": false,
        "root": null,
        "seed": 42,
        "seq_dur": 6.0,
        "target": "lowervoice",
        "unidirectional": false,
        "weight_decay": 1e-05
    },
    "best_epoch": 22,
    "best_loss": 1.4287392273545265,
    "commit": "1964c14",
    "epochs_trained": 22,
    "num_bad_epochs": 0,
    "train_loss_history": [
        11.710392951965332,
        8.780911445617676,
        6.188544750213623,
        5.115148210525513,
        5.187088346481323,
        4.550303316116333,
        4.072995042800903,
        4.061060047149658,
        3.371259069442749,
        3.3485865116119387,
        3.1201748847961426,
        2.9422868728637694,
        2.7431424140930174,
        2.566444754600525,
        2.434245991706848,
        2.1085466146469116,
        2.133112072944641,
        2.069840168952942,
        1.9882577657699585,
        1.660777711868286,
        1.9224171876907348,
        1.6404338359832764
    ],
    "train_time_history": [
        719.7681021690369,
        714.074746131897,
        814.3374607563019,
        687.5303840637207,
        843.6399507522583,
        798.8274927139282,
        602.8758189678192,
        622.4279747009277,
        701.63623046875,
        694.9297196865082,
        780.3999109268188,
        780.7293424606323,
        797.5051734447479,
        899.1855177879333,
        600.1231729984283,
        669.7548694610596,
        682.2339112758636,
        703.110514163971,
        649.178740978241,
        602.7977871894836,
        653.4137287139893
    ],
    "valid_loss_history": [
        58.62572379263354,
        19.994304043306432,
        11.92160808032667,
        7.259056429208164,
        5.747940159179795,
        4.258824509634098,
        3.561270895558344,
        3.5659266162506293,
        3.0302516601874796,
        3.1715061365508697,
        2.913873260709601,
        2.6713032722473145,
        2.4857476898272273,
        2.479464348772882,
        2.214918697803793,
        2.200665659467939,
        2.073966353082321,
        1.8909010866158444,
        1.845202915055651,
        1.8184158591107584,
        1.599487138990785,
        1.4287392273545265
    ]
}