{
    "args": {
        "bandwidth": 16000,
        "batch_size": 16,
        "checkpoint": "./open-unmix/",
        "dataset": "musdb",
        "debug": false,
        "epochs": 1000,
        "hidden_size": 512,
        "lr": 0.01,
        "lr_decay_gamma": 0.3,
        "lr_decay_patience": 80,
        "model": null,
        "nb_channels": 1,
        "nb_workers": 0,
        "nfft": 4096,
        "nhop": 1024,
        "no_cuda": false,
        "output": "open-unmix",
        "patience": 140,
        "quiet": false,
        "root": null,
        "seed": 42,
        "seq_dur": 6.0,
        "target": "lowervoice-transformer",
        "unidirectional": false,
        "weight_decay": 1e-05
    },
    "best_epoch": 18,
    "best_loss": 3.4517255391873105,
    "commit": "ae000ad",
    "epochs_trained": 18,
    "num_bad_epochs": 0,
    "train_loss_history": [
        18.719708251953126,
        13.607166290283203,
        11.129386711120606,
        8.735414028167725,
        10.137495231628417,
        8.97092227935791,
        8.003782844543457,
        8.799694633483886,
        7.1385904312133786,
        6.297392749786377,
        5.870149040222168,
        6.3650007247924805,
        4.773404884338379,
        4.95794153213501,
        4.475611686706543,
        4.0736466407775875,
        4.29745306968689,
        3.4650736331939695,
        3.4505386352539062,
        3.126880168914795
    ],
    "train_time_history": [
        777.0410325527191,
        838.6009628772736,
        753.5059509277344,
        570.2777163982391,
        697.1790547370911,
        714.9752216339111,
        914.7661283016205,
        671.637633562088,
        737.3481698036194,
        930.7830181121826,
        761.1902310848236,
        677.5779359340668,
        779.6815416812897,
        892.6273951530457,
        738.8106698989868,
        673.4225518703461,
        702.3778212070465
    ],
    "valid_loss_history": [
        191.42970630484567,
        76.79499317852544,
        30.7313613300802,
        20.04350167911657,
        13.248717622857699,
        9.293836166741142,
        8.863650068011083,
        6.693726835995387,
        7.200597541432985,
        5.051803931384019,
        5.898161037287242,
        5.548058409086416,
        4.907516154604898,
        5.032333581564083,
        3.6498646832687753,
        4.545456323772669,
        4.329565606906381,
        3.8287188712979705,
        3.8466043384929356,
        3.4517255391873105
    ]
}